Workbook

Sheet Dashboard
A1: GARVIT'S 60-DAY PLACEMENT SPRINT — CONTROL ROOM
A4: CONTROL | B4: VALUE | D4: WORK COMPLETED | E4: COUNT | G4: ROADMAP | H4: STATUS
A5: Current Day (edit this) | B5: 3 | D5: DSA Questions | E5: =COUNTIFS('Practice Log'!C5:C84,"DSA",'Practice Log'!I5:I84,"Completed") -> 4 | G5: Current Phase | H5: =IF(B5<=14,"Phase 1",IF(B5<=30,"Phase 2",IF(B5<=45,"Phase 3","Phase 4"))) -> Phase 1
A6: Days Completed | B6: =COUNTIF('Daily Tracker'!J5:J64,"Completed") -> 3 | D6: SQL Challenges | E6: =COUNTIFS('Practice Log'!C5:C84,"SQL",'Practice Log'!I5:I84,"Completed") -> 15 | G6: Days Remaining | H6: =60-B5 -> 57
A7: Actual Study Hours | B7: =SUM('Daily Tracker'!I5:I64) -> 0 | D7: Skill / Project Items | E7: =COUNTIF('Skills & Project'!F5:F64,"Completed") -> 6 | G7: Next Formal Audit | H7: =IF(B5<14,14,IF(B5<30,30,IF(B5<45,45,60))) -> 14
A8: Overall 60-Day Progress | B8: =(COUNTIF('Daily Tracker'!J5:J64,"Completed")+0.5*COUNTIF('Daily Tracker'!J5:J64,"In Progress"))/60 -> 0.05 | D8: Revisions Due | E8: =COUNTIFS('Practice Log'!O5:O84,">0",'Practice Log'!O5:O84,"<="&$B$5,'Practice Log'!I5:I84,"Completed")+COUNTIFS('Skills & Project'!H5:H64,">0",'Skills & Project'!H5:H64,"<="&$B$5,'Skills & Project'!F5:F64,"Completed") -> 0 | G8: Freeze Status | H8: =IF(B5<14,"FROZEN — EXECUTE","AUDIT ALLOWED") -> FROZEN — EXECUTE
A11: Track | B11: Completed | C11: In Progress
A12: DSA | B12: =E5 -> 4 | C12: =COUNTIFS('Practice Log'!C5:C84,"DSA",'Practice Log'!I5:I84,"In Progress") -> 0
A13: SQL | B13: =E6 -> 15 | C13: =COUNTIFS('Practice Log'!C5:C84,"SQL",'Practice Log'!I5:I84,"In Progress") -> 0
A14: Skills / Project | B14: =E7 -> 6 | C14: =COUNTIF('Skills & Project'!F5:F64,"In Progress") -> 0
A15: Days | B15: =B6 -> 3 | C15: =COUNTIF('Daily Tracker'!J5:J64,"In Progress") -> 0
A27: TODAY'S FOCUS — PULLED FROM DAILY TRACKER
A28: DSA | B28: =IF(INDEX('Daily Tracker'!D5:D64,$B$5)="","Fill today's DSA target in Daily Tracker",INDEX('Daily Tracker'!D5:D64,$B$5)) -> Best Time to Buy and Sell Stock
A29: Data / ML | B29: =IF(INDEX('Daily Tracker'!E5:E64,$B$5)="","Fill today's Data/ML target in Daily Tracker",INDEX('Daily Tracker'!E5:E64,$B$5)) -> Pandas Video 3: Indexes
A30: SQL / Core CS | B30: =IF(INDEX('Daily Tracker'!F5:F64,$B$5)="","Fill today's SQL/Core target in Daily Tracker",INDEX('Daily Tracker'!F5:F64,$B$5)) -> Station 6 & 7: LIKE / REGEXP
A31: Project / Career | B31: =IF(INDEX('Daily Tracker'!G5:G64,$B$5)="","Fill today's project/career target in Daily Tracker",INDEX('Daily Tracker'!G5:G64,$B$5)) -> Fix repository structure and .gitignore
A34: HOW TO USE THIS — ONLY 5 MINUTES PER DAY
A35: 1) Morning: change Current Day in B5 and fill today's four targets in Daily Tracker. 2) After every DSA/SQL question: add one row in Practice Log; do not rely on chat memory. 3) After every video/core-CS/project session: add one row in Skills & Project. 4) Night: enter Actual Hours, Day Status, Biggest Win, Blocker and Tomorrow's First Task. 5) Sunday: filter Next Revision Day <= Current Day, re-solve without notes, increase Revision Count, and set the next revision day.

Sheet Daily Tracker
A1: DAILY EXECUTION TRACKER — UPDATE ONCE AT NIGHT
A4: Day | B4: Date | C4: Phase | D4: DSA Target | E4: Data / ML Target | F4: SQL / Core CS Target | G4: Project / Career Target | H4: Planned Hours | I4: Actual Hours | J4: Day Status | K4: Biggest Win | L4: Blocker / Question | M4: Tomorrow's First Task
A5: 1 | C5: Phase 1 | D5: Two Sum | E5: Anaconda/Jupyter setup | F5: Revising SELECT Query I & II | G5: Git/GitHub setup and first push | H5: 4 | J5: Completed | K5: First green dot and working setup | M5: Start Day 2 arrays
A6: 2 | C6: Phase 1 | D6: Sort Colors + Majority Element | E6: Pandas Videos 1 & 2; code along in Jupyter | F6: Basic SELECT/STATION practice through Station 5 | G6: Push notebooks/code; note key SQL lessons | H6: 4 | J6: Completed | K6: Finished two Pandas videos and learned Station 5 pattern | M6: Start stock problem and Pandas indexes
A7: 3 | C7: Phase 1 | D7: Best Time to Buy and Sell Stock | E7: Pandas Video 3: Indexes | F7: Station 6 & 7: LIKE / REGEXP | G7: Fix repository structure and .gitignore | H7: 4 | J7: Completed | K7: Repository fixed; one-pass stock price logic started learned regex | M7: Complete remaining SQL and log revisions
A8: 4 | C8: Phase 1 | H8: 4 | J8: Not Started
A9: 5 | C9: Phase 1 | H9: 4 | J9: Not Started
A10: 6 | C10: Phase 1 | H10: 4 | J10: Not Started
A11: 7 | C11: Phase 1 | H11: 4 | J11: Not Started
A12: 8 | C12: Phase 1 | H12: 4 | J12: Not Started
A13: 9 | C13: Phase 1 | H13: 4 | J13: Not Started
A14: 10 | C14: Phase 1 | H14: 4 | J14: Not Started
A15: 11 | C15: Phase 1 | H15: 4 | J15: Not Started
A16: 12 | C16: Phase 1 | H16: 4 | J16: Not Started
A17: 13 | C17: Phase 1 | H17: 4 | J17: Not Started
A18: 14 | C18: Phase 1 | H18: 4 | J18: Not Started
A19: 15 | C19: Phase 2 | H19: 4 | J19: Not Started
... A64: 60 | C64: Phase 4 | H64: 4 | J64: Not Started

Sheet Practice Log
A1: DSA + SQL PRACTICE LOG — THIS IS YOUR SOURCE OF TRUTH
A4: Day | B4: Date | C4: Track | D4: Problem / Challenge | E4: Platform | F4: Topic / Pattern | G4: Difficulty | H4: Solved Independently? | I4: Status | J4: Alternative / Brute Understood? | K4: Optimal Approach Understood? | L4: Complexity / SQL Concept | M4: Confidence (1–5) | N4: Revision Count | O4: Next Revision Day | P4: Link | Q4: Mistake / Key Insight
A5: 1 | C5: DSA | D5: Two Sum | E5: LeetCode | F5: Hash Map | G5: Easy | I5: Completed | J5: Yes | K5: Yes | L5: O(n) time, O(n) space | N5: 0 | O5: 4 | Q5: Store seen values; check target-current before inserting.
A6: 2 | C6: DSA | D6: Sort Colors | E6: LeetCode | F6: Dutch National Flag / 3 pointers | G6: Medium | I6: Completed | J6: Yes | K6: Yes | L6: O(n) time, O(1) space | N6: 0 | O6: 5 | Q6: When nums[mid]==0, swap with low; both positions become resolved, so increment low and mid.
A7: 2 | C7: DSA | D7: Majority Element | E7: LeetCode | F7: Hash Map / Boyer-Moore | G7: Easy | I7: Completed | J7: Yes | K7: Yes | L7: O(n) time; O(1) optimal space | N7: 0 | O7: 5 | Q7: Candidate-vote logic is optimal; verify majority assumption.
A8: 3 | C8: DSA | D8: Best Time to Buy and Sell Stock | E8: LeetCode | F8: One-pass minimum tracking | G8: Easy | I8: Completed | J8: Yes | K8: Yes | L8: O(n) time, O(1) space | N8: 0 | O8: 6 | Q8: Track minimum so far; update max profit only when improvement occurs.
A9: 1 | C9: SQL | D9: Revising the Select Query I | E9: HackerRank | F9: SELECT + WHERE | G9: Easy | I9: Completed | J9: N/A | K9: Yes | L9: Filtering rows with conditions | N9: 0 | O9: 4
A10: 1 | C10: SQL | D10: Revising the Select Query II | E10: HackerRank | F10: SELECT + WHERE | G10: Easy | I10: Completed | J10: N/A | K10: Yes | L10: Selecting required columns | N10: 0 | O10: 4
A11: 1 | C11: SQL | D11: Select All | E11: HackerRank | F11: SELECT * | G11: Easy | I11: Completed | J11: N/A | K11: Yes | L11: Retrieve all columns | N11: 0 | O11: 4
A12: 1 | C12: SQL | D12: Select By ID | E12: HackerRank | F12: WHERE ID = | G12: Easy | I12: Completed | J12: N/A | K12: Yes | L12: Exact filtering | N12: 0 | O12: 4
A13: 1 | C13: SQL | D13: Japanese Cities' Attributes | E13: HackerRank | F13: WHERE COUNTRYCODE | G13: Easy | I13: Completed | J13: N/A | K13: Yes | L13: Country filtering | N13: 0 | O13: 4
A14: 2 | C14: SQL | D14: Japanese Cities' Names | E14: HackerRank | F14: Column selection + WHERE | G14: Easy | I14: Completed | J14: N/A | K14: Yes | L14: Return only NAME | N14: 0 | O14: 5
A15: 2 | C15: SQL | D15: Weather Observation Station 1 | E15: HackerRank | F15: Column selection | G15: Easy | I15: Completed | J15: N/A | K15: Yes | L15: CITY and STATE columns | N15: 0 | O15: 5
A16: 2 | C16: SQL | D16: Weather Observation Station 3 | E16: HackerRank | F16: Even IDs / dialect syntax | G16: Easy | I16: Completed | J16: N/A | K16: Yes | L16: Use MOD(ID,2)=0 in DB2 | N16: 0 | O16: 5 | Q16: SQL dialects differ; DB2 may reject %.
A17: 2 | C17: SQL | D17: Weather Observation Station 4 | E17: HackerRank | F17: COUNT and DISTINCT | G17: Easy | I17: Completed | J17: N/A | K17: Yes | L17: COUNT(CITY)-COUNT(DISTINCT CITY) | N17: 0 | O17: 5 | Q17: Use one SELECT expression, not two SELECT statements.
A18: 2 | C18: SQL | D18: Weather Observation Station 5 | E18: HackerRank | F18: LENGTH + ORDER BY | G18: Medium | I18: Completed | J18: N/A | K18: Yes | L18: Sort by LENGTH(CITY), then CITY | N18: 0 | O18: 5 | Q18: Alphabetical tie-breaker is required.
A19: 3 | C19: SQL | D19: Weather Observation Station 6 | E19: HackerRank | F19: LIKE / REGEXP | G19: Medium | H19: With Hint | I19: Completed | J19: N/A | K19: Yes | L19: CITY REGEXP '^[aeiou]' | N19: 0 | O19: 6
A20: 3 | C20: SQL | D20: Weather Observation Station 7 | E20: HackerRank | F20: LIKE / REGEXP | G20: Medium | H20: With Hint | I20: Completed | J20: N/A | K20: Yes | L20: CITY REGEXP '[aeiou]$' | N20: 0 | O20: 6 | P20: to ab
A21: 3 | C21: SQL | D21: Weather Observation Station 8 | E21: HackerRank | F21: LIKE / REGEXP | G21: Medium | H21: With Hint | I21: Completed | K21: Yes | L21: CITY REGEXP '^[aeiou].*[aeiou]$' | O21: 6
A22: 3 | C22: SQL | D22: Weather Observation Station 9 | E22: HackerRank | F22: LIKE / REGEXP | G22: Medium | H22: With Hint | I22: Completed | K22: Yes | L22: CITY REGEXP '^[^aeiou]' | O22: 6
A23: 3 | C23: SQL | D23: Weather Observation Station 10 | E23: HackerRank | F23: LIKE / REGEXP | G23: Medium | H23: With Hint | I23: Completed | K23: Yes | L23: NOT CITY REGEXP '[aeiou]$' | O23: 6

Sheet Skills & Project
A1: SKILLS, CORE CS, PROJECT & CAREER LOG
A4: Day | B4: Date | C4: Area | D4: Resource / Topic | E4: Output Created | F4: Status | G4: Confidence (1–5) | H4: Next Revision Day | I4: GitHub Pushed? | J4: Notes / Proof
A5: 1 | C5: Setup | D5: Anaconda + Jupyter | E5: Working notebook environment | F5: Completed | H5: 7 | I5: N/A | J5: Environment verified.
A6: 1 | C6: Git/GitHub | D6: Repository initialization and first push | E6: 60-day sprint repository | F6: Completed | H6: 7 | I6: Yes | J6: First green dot completed.
A7: 2 | C7: Pandas | D7: Corey Schafer Video 1: Getting Started | E7: Jupyter notebook | F7: Completed | H7: 5 | I7: Yes | J7: Used Stack Overflow survey data.
A8: 2 | C8: Pandas | D8: Corey Schafer Video 2: DataFrames & Series | E8: Jupyter notebook | F8: Completed | H8: 5 | I8: Yes | J8: Understood DataFrame/Series basics.
A9: 3 | C9: Pandas | D9: Corey Schafer Video 3: Indexes | E9: Index practice notebook | F9: Completed | H9: 6 | J9: Understood custom indexing, inplace=True, and loc/iloc index lookup optimizations
A10: 3 | C10: Git/GitHub | D10: Repository structure + .gitignore | E10: Clean root repository | F10: Completed | H10: 7 | I10: Yes | J10: Large survey CSV excluded from Git.
A11: 8 | C11: DBMS | D11: Start DBMS basics | E11: Short notes + 5 interview questions | F11: Planned | H11: 11 | I11: N/A | J11: Week 2 core CS begins.
A12: 10 | C12: Resume | D12: Resume Version 0 | E12: One-page draft | F12: Planned | H12: 14 | I12: N/A | J12: Do not wait for project completion to make first draft.
A13: 15 | C13: Machine Learning | D13: Preprocessing + train/test split | E13: First ML notebook | F13: Planned | H13: 18
A14: 31 | C14: Project | D14: Streamlit dashboard + ML integration | E14: Working beta application | F14: Planned | H14: 35
A15: 46 | C15: Deployment | D15: Deploy and test project | E15: Live project link | F15: Planned | H15: 50 | I15: Yes
A16: 55 | C16: Mock Interview | D16: DSA + SQL + project mock | E16: Feedback sheet | F16: Planned | H16: 57 | I16: N/A

Sheet Roadmap
A1: FINAL FROZEN 60-DAY PLACEMENT ROADMAP
A4: Phase | B4: Days | C4: DSA Focus | D4: Data / ML Focus | E4: SQL & Core CS Focus | F4: Career / Project Output | G4: Audit Day | H4: Rule
A5: Phase 1 | B5: 1–14 | C5: Arrays, Hashing, Two Pointers, Sliding Window, Binary Search basics | D5: NumPy & Pandas foundations; cleaning; EDA | E5: SELECT, WHERE, GROUP BY, HAVING, Joins + DBMS basics | F5: Git routine + external tracker + Resume V0 by Day 10 | G5: 14 | H5: Do not add new tracks before audit
A6: Phase 2 | B6: 15–30 | C6: Linked Lists, Recursion, Stacks & Queues | D6: Preprocessing, train/test split, regression & classification | E6: Subqueries, CTEs + OOP | F6: First complete ML notebook and project plan | G6: 30 | H6: Depth over question count
A7: Phase 3 | B7: 31–45 | C7: Binary Trees, BST, Heaps fundamentals | D7: Streamlit dashboard + real ML model integration | E7: Window functions + OS & CN basics | F7: Deployed beta + README + Resume review | G7: 45 | H7: One strong project, not many clones
A8: Phase 4 | B8: 46–60 | C8: Selected Greedy, foundational DP + heavy revision | D8: Deployment, testing, documentation | E8: Mocks, aptitude where needed, applications | F8: Final resume, GitHub, LinkedIn and mock interviews | G8: 60 | H8: No random roadmap changes
A10: MEASURABLE END TARGETS
A11: DSA | B11: 80–110 quality questions with revision | C11: SQL | D11: Through joins, CTEs, subqueries and window functions
A12: Project | B12: One deployed ML/data project with real evaluation | C12: Core CS | D12: DBMS, OOP, OS and CN basics
A13: Career | B13: Resume, GitHub, LinkedIn and mock interviews | C13: Tracking | D13: Update this workbook daily; chat is not the ledger
A15: FREEZE RULE: Follow this structure for 14 days. Only daily pacing may shift. Do not insert RAG, Power BI, cloud tools, extra courses or new career tracks unless an actual placement requirement demands it.
